{"cameraMode":{"drawMode":0,"name":"Shaded","section":"Shading Mode"},"sceneLighting":true,"audioPlay":false,"sceneViewState":{"m_AlwaysRefresh":false,"showFog":true,"showSkybox":true,"showFlares":true,"showImageEffects":true,"showParticleSystems":true,"showVisualEffectGraphs":true,"m_FxEnabled":true},"in2DMode":false,"pivot":{"x":196.72735595703126,"y":-74.24683380126953,"z":29.144676208496095},"rotation":{"x":-0.17525237798690797,"y":-0.7374054789543152,"z":0.20908837020397187,"w":-0.6179879903793335},"size":117.74250793457031,"orthographic":false}